size,single,time_s
2,false,0.00039097679144642014
2,true,0.00045754559428060683
3,false,0.0031350676887052426
3,true,0.00308941703624161
4,false,4.245648725600001
4,true,1.9358429087000002
